Stock Location,Family,Assortment Group,Minimum Members Count,Minimum Preferred Count,Minimum Inventory,Reported Year,Reported Month,Reported Day
P689,880014096LIGHT GREEN,,4,2,6,2024,6,21
P689,110146367DELLA ROBBIA BLUE,,3,2,0,2024,6,21
P689,110146623STAR WHITE,,3,2,0,2024,6,21
P689,110147803CAPULET OLIVE,,3,2,0,2024,6,21
P689,110145899WILLOW,,3,2,0,2024,6,21
P689,110146367WILLOW,,3,2,0,2024,6,21
P689,110147803ASPHALT,,3,2,0,2024,6,21
P689,110148128MONUMENT,,4,2,7,2024,6,21
P689,110145986SANGRIA,,4,2,6,2024,6,21
P689,110145986DUSTY PINK,,4,2,6,2024,6,21
P689,110148128OIL GREEN,,4,2,7,2024,6,21
P689,110145986STAR WHITE,,4,2,6,2024,6,21
P689,110145986QUARRY,,4,2,6,2024,6,21
P689,110145609WHITE,,4,2,6,2024,6,21
P689,110145609BLACK,,4,2,6,2024,6,21
P689,110148128JET BLACK,,4,2,7,2024,6,21
P689,110145987STAR WHITE,,4,2,6,2024,6,21
P689,110145986LAVENDER LUSTRE,,4,2,6,2024,6,21
P689,110145631BLACK,,4,2,0,2024,6,21
P689,110145650ANISE FLOWER,,4,2,0,2024,6,21
P689,110145650MARSHMALLOW,,4,2,0,2024,6,21
P689,110145684DESERT SAGE,,4,2,0,2024,6,21
P689,110145684LENTIL SPROUT,,4,2,0,2024,6,21
P689,110145684PRISTINE,,4,2,0,2024,6,21
P689,110145684SEEDPEARL,,4,2,0,2024,6,21
P689,110145715DESERT SAGE,,4,2,0,2024,6,21
P689,110145829ANTIQUE WHITE,,4,2,0,2024,6,21
P689,110145967DUTCH CANAL,,4,2,0,2024,6,21
P689,110145991GREEN EYES,,4,2,0,2024,6,21
P689,110145992PAPYRUS,,4,2,0,2024,6,21
P689,110146035ANTHRACITE,,4,2,0,2024,6,21
P689,110146037DEEP DEPTHS,,4,2,0,2024,6,21
P689,110146043DUTCH CANAL,,4,2,0,2024,6,21
P689,110146044SEEDPEARL,,4,2,0,2024,6,21
P689,110146210FROSTY GREEN,,4,2,0,2024,6,21
P689,110146220MOONLESS NIGHT,,4,2,0,2024,6,21
P689,110146445HIGHRISE,,4,2,0,2024,6,21
P689,110146460JESTER RED,,4,2,0,2024,6,21
P689,110146494PALE BANANA,,4,2,0,2024,6,21
P689,110146619DEEP MAHOGANY,,4,2,0,2024,6,21
P689,110146619HELIOTROPE,,4,2,0,2024,6,21
P689,110147436CORNFLOWER BLUE,,4,2,0,2024,6,21
P689,110147749WINTER WHITE,,4,2,0,2024,6,21
P689,110147800BRIGHT WHITE,,4,2,0,2024,6,21
P689,110147971MARITIME BLUE,,4,2,0,2024,6,21
P689,110147972BRIGHT WHITE,,4,2,0,2024,6,21
P689,110148080CANDY PINK,,4,2,0,2024,6,21
P689,110148288ROSEBUD,,4,2,0,2024,6,21
P689,110148293ROMANCE ROSE,,4,2,0,2024,6,21
P689,110148298CYPRESS,,4,2,0,2024,6,21
P689,110148353DOUBLE CREAM,,4,2,0,2024,6,21
P689,110148806STAR WHITE,,4,2,0,2024,6,21
P689,110148873STAR WHITE,,4,2,0,2024,6,21
P689,110148875LAPIS BLUE,,4,2,0,2024,6,21
P689,110149093DEEP MAHOGANY,,4,2,0,2024,6,21
P689,110149093VANILLA ICE,,4,2,0,2024,6,21
P689,110149094JET BLACK,,4,2,0,2024,6,21
P689,110149150SNOW WHITE,,4,2,0,2024,6,21
P689,110149264CORNFLOWER BLUE,,4,2,0,2024,6,21
P689,110149309LENTIL SPROUT,,4,2,0,2024,6,21
P689,110150024DARK BLUE,,4,2,0,2024,6,21
P689,110150125SNOW WHITE,,4,2,0,2024,6,21
P689,110150128TAN,,4,2,0,2024,6,21
P689,110150450WINTER WHITE,,4,2,0,2024,6,21
P689,110150453SKI PATROL,,4,2,0,2024,6,21
P689,110150456SKI PATROL,,4,2,0,2024,6,21
P689,110150528DARK BLUE,,4,2,0,2024,6,21
P689,110150540ORCHID BLOOM,,4,2,0,2024,6,21
P689,110150693WINTER WHITE,,4,2,0,2024,6,21
P689,110150853CITRONELLE,,4,2,0,2024,6,21
P689,110151033PINK FROSTING,,4,2,0,2024,6,21
P689,110152079MOSS,,4,2,0,2024,6,21
P689,880014950LIGHT BLUE,,4,2,0,2024,6,21
P689,110146035GREEN BAY,,4,2,0,2024,6,21
P689,110146036FROSTY GREEN,,4,2,0,2024,6,21
P689,110146043BAROQUE ROSE,,4,2,0,2024,6,21
P689,110146135LARK,,4,2,0,2024,6,21
P689,110146206BLANC DE BLANC,,4,2,0,2024,6,21
P689,110146444SPRING BOUQUET,,4,2,0,2024,6,21
P689,110146452VANILLA ICE,,4,2,0,2024,6,21
P689,110146458WHISPER WHITE,,4,2,0,2024,6,21
P689,110147434CORNFLOWER BLUE,,4,2,0,2024,6,21
P689,110147437CORNFLOWER BLUE,,4,2,0,2024,6,21
P689,110147558SORREL BROWN,,4,2,0,2024,6,21
P689,110147563BLANC DE BLANC,,4,2,0,2024,6,21
P689,110147563BRIGHT WHITE,,4,2,0,2024,6,21
P689,110147569DREAM BLUE,,4,2,0,2024,6,21
P689,110147748LIGHT CLEAR BLUE,,4,2,0,2024,6,21
P689,110147801CANDY PINK,,4,2,0,2024,6,21
P689,110147969URBAN RED,,4,2,0,2024,6,21
P689,110148299ROMANCE ROSE,,4,2,0,2024,6,21
P689,110148354DEEP MAHOGANY,,4,2,0,2024,6,21
P689,110148983BOYSENBERRY,,4,2,0,2024,6,21
P689,110149094QUIET HARBOR,,4,2,0,2024,6,21
P689,110149095JET BLACK,,4,2,0,2024,6,21
P689,110149144JET BLACK,,4,2,0,2024,6,21
P689,110149258MARSHMALLOW,,4,2,0,2024,6,21
P689,110149263OPEN AIR,,4,2,0,2024,6,21
P689,110149305CREAM PINK,,4,2,0,2024,6,21
P689,110149556BRIGHT WHITE,,4,2,0,2024,6,21
P689,110149576CAPRI,,4,2,0,2024,6,21
P689,110150020SNOW WHITE,,4,2,0,2024,6,21
P689,110150122ANTHRACITE,,4,2,0,2024,6,21
P689,110150126SNOW WHITE,,4,2,0,2024,6,21
P689,110150127ANTHRACITE,,4,2,0,2024,6,21
P689,110150454STAR WHITE,,4,2,0,2024,6,21
P689,110150457STAR WHITE,,4,2,0,2024,6,21
P689,110150856SMOKE GREEN,,4,2,0,2024,6,21
P689,110151148SUGAR SWIZZLE,,4,2,0,2024,6,21
P689,110151714FOREST SHADE,,4,2,0,2024,6,21
P689,110152078JET BLACK,,4,2,0,2024,6,21
P689,110152160STAR WHITE,,4,2,0,2024,6,21
P689,110145618BLACK,,4,2,0,2024,6,21
P689,110145631ANTIQUE WHITE,,4,2,0,2024,6,21
P689,110145650OFF WHITE,,4,2,0,2024,6,21
P689,110145677DUTCH CANAL,,4,2,0,2024,6,21
P689,110145683SEEDPEARL,,4,2,0,2024,6,21
P689,110145828JET BLACK,,4,2,0,2024,6,21
P689,110145828SNOW WHITE,,4,2,0,2024,6,21
P689,110145967BAROQUE ROSE,,4,2,0,2024,6,21
P689,110145993RUMBA RED,,4,2,0,2024,6,21
P689,110146037JET BLACK,,4,2,0,2024,6,21
P689,110146207ANTHRACITE,,4,2,0,2024,6,21
P689,110146216BLANC DE BLANC,,4,2,0,2024,6,21
P689,110146221BLANC DE BLANC,,4,2,0,2024,6,21
P689,110146455BLACK,,4,2,0,2024,6,21
P689,110146461WHISPER WHITE,,4,2,0,2024,6,21
P689,110146462STRAWBERRY ICE,,4,2,0,2024,6,21
P689,110146466BLANC DE BLANC,,4,2,0,2024,6,21
P689,110146963JET BLACK,,4,2,0,2024,6,21
P689,110147438PRISTINE,,4,2,0,2024,6,21
P689,110147509PARFAIT PINK,,4,2,0,2024,6,21
P689,110147567SORREL BROWN,,4,2,0,2024,6,21
P689,110147596WHISPER WHITE,,4,2,0,2024,6,21
P689,110147750BRIGHT WHITE,,4,2,0,2024,6,21
P689,110147798MEDIUM BLUE,,4,2,0,2024,6,21
P689,110147965JET BLACK,,4,2,0,2024,6,21
P689,110148044SORREL BROWN,,4,2,0,2024,6,21
P689,110148193DREAM BLUE,,4,2,0,2024,6,21
P689,110148194GLACIER GRAY,,4,2,0,2024,6,21
P689,110148264PARFAIT PINK,,4,2,0,2024,6,21
P689,110148286PEBBLE,,4,2,0,2024,6,21
P689,110148288BRIGHT WHITE,,4,2,0,2024,6,21
P689,110148290CYPRESS,,4,2,0,2024,6,21
P689,110148291WHISPER WHITE,,4,2,0,2024,6,21
P689,110148293CYPRESS,,4,2,0,2024,6,21
P689,110148299WHISPER WHITE,,4,2,0,2024,6,21
P689,110148860BRIGHT WHITE,,4,2,0,2024,6,21
P689,110149256MARSHMALLOW,,4,2,0,2024,6,21
P689,110149265FOG,,4,2,0,2024,6,21
P689,110149304CREAM PINK,,4,2,0,2024,6,21
P689,110149310CREAM PINK,,4,2,0,2024,6,21
P689,110149575VALLARTA BLUE,,4,2,0,2024,6,21
P689,110150198LENTIL SPROUT,,4,2,0,2024,6,21
P689,110150581ASH ROSE,,4,2,0,2024,6,21
P689,110150694BLUE HORIZON,,4,2,0,2024,6,21
P689,110150758WHISPER WHITE,,4,2,0,2024,6,21
P689,110150855SMOKE GREEN,,4,2,0,2024,6,21
P689,110151028CITRONELLE,,4,2,0,2024,6,21
P689,110151031DELLA ROBBIA BLUE,,4,2,0,2024,6,21
P689,110151032DOUBLE CREAM,,4,2,0,2024,6,21
P689,110151144SNOW WHITE,,4,2,0,2024,6,21
P689,110152156JET BLACK,,4,2,0,2024,6,21
P689,110145650CHILI PEPPER,,4,2,0,2024,6,21
P689,110145680SEEDPEARL,,4,2,0,2024,6,21
P689,110145708FROSTY GREEN,,4,2,0,2024,6,21
P689,110145709ANTHRACITE,,4,2,0,2024,6,21
P689,110146035JET BLACK,,4,2,0,2024,6,21
P689,110146037ZEPHYR,,4,2,0,2024,6,21
P689,110146038JET BLACK,,4,2,0,2024,6,21
P689,110146044EGRET,,4,2,0,2024,6,21
P689,110146135DUSTY ROSE,,4,2,0,2024,6,21
P689,110146449URBAN RED,,4,2,0,2024,6,21
P689,110146491CLOUD DANCER,,4,2,0,2024,6,21
P689,110146494PRISTINE,,4,2,0,2024,6,21
P689,110146619RED CLAY,,4,2,0,2024,6,21
P689,110146619SHOCKING PINK,,4,2,0,2024,6,21
P689,110146905PRISTINE,,4,2,0,2024,6,21
P689,110147505JET BLACK,,4,2,0,2024,6,21
P689,110147559ANISE FLOWER,,4,2,0,2024,6,21
P689,110147610WHISPER WHITE,,4,2,0,2024,6,21
P689,110148220AFTERGLOW,,4,2,0,2024,6,21
P689,110148266AQUA SKY,,4,2,0,2024,6,21
P689,110148298WHISPER WHITE,,4,2,0,2024,6,21
P689,110148539STAR WHITE,,4,2,0,2024,6,21
P689,110148856BLACK IRIS,,4,2,0,2024,6,21
P689,110148858PEBBLE,,4,2,0,2024,6,21
P689,110148875STAR WHITE,,4,2,0,2024,6,21
P689,110149093RED CLAY,,4,2,0,2024,6,21
P689,110149095OPEN AIR,,4,2,0,2024,6,21
P689,110149141CHATEAU ROSE,,4,2,0,2024,6,21
P689,110149144GRAPE,,4,2,0,2024,6,21
P689,110149151PASTEL LAVENDER,,4,2,0,2024,6,21
P689,110149152PASTEL LAVENDER,,4,2,0,2024,6,21
P689,110149156OPEN AIR,,4,2,0,2024,6,21
P689,110149256ANTHRACITE,,4,2,0,2024,6,21
P689,110150530PINK FROSTING,,4,2,0,2024,6,21
P689,110150530VANILLA ICE,,4,2,0,2024,6,21
P689,110150576PRISM PINK,,4,2,0,2024,6,21
P689,110150691JET BLACK,,4,2,0,2024,6,21
P689,110150695SHALE,,4,2,0,2024,6,21
P689,110150756ANTIQUE WHITE,,4,2,0,2024,6,21
P689,110150851CITRONELLE,,4,2,0,2024,6,21
P689,110150851CLOUD DANCER,,4,2,0,2024,6,21
P689,110150854DELLA ROBBIA BLUE,,4,2,0,2024,6,21
P689,110151027CLOUD DANCER,,4,2,0,2024,6,21
P689,110151140SEEDPEARL,,4,2,0,2024,6,21
P689,110145652MINERAL GREEN,,4,2,0,2024,6,21
P689,110145682SEEDPEARL,,4,2,0,2024,6,21
P689,110145684ETRUSCAN RED,,4,2,0,2024,6,21
P689,110145715SEEDPEARL,,4,2,0,2024,6,21
P689,110145829TOTAL ECLIPSE,,4,2,0,2024,6,21
P689,110146036ZEPHYR,,4,2,0,2024,6,21
P689,110146037FROSTY GREEN,,4,2,0,2024,6,21
P689,110146038CINNABAR,,4,2,0,2024,6,21
P689,110146040CINNABAR,,4,2,0,2024,6,21
P689,110146132ZEPHYR,,4,2,0,2024,6,21
P689,110146133DEEP DEPTHS,,4,2,0,2024,6,21
P689,110146230DUTCH CANAL,,4,2,0,2024,6,21
P689,110146291TOTAL ECLIPSE,,4,2,0,2024,6,21
P689,110146451CANDY PINK,,4,2,0,2024,6,21
P689,110147436CORK,,4,2,0,2024,6,21
P689,110147510AQUA SKY,,4,2,0,2024,6,21
P689,110147523LAVANDULA,,4,2,0,2024,6,21
P689,110147556ANISE FLOWER,,4,2,0,2024,6,21
P689,110147565SORREL BROWN,,4,2,0,2024,6,21
P689,110147612WHISPER WHITE,,4,2,0,2024,6,21
P689,110147613WHISPER WHITE,,4,2,0,2024,6,21
P689,110147799BRIGHT WHITE,,4,2,0,2024,6,21
P689,110147969JET BLACK,,4,2,0,2024,6,21
P689,110147970CANDY PINK,,4,2,0,2024,6,21
P689,110148709PEBBLE,,4,2,0,2024,6,21
P689,110148720LAPIS BLUE,,4,2,0,2024,6,21
P689,110149266ETRUSCAN RED,,4,2,0,2024,6,21
P689,110149306LENTIL SPROUT,,4,2,0,2024,6,21
P689,110150019ANTHRACITE,,4,2,0,2024,6,21
P689,110150196PALE BANANA,,4,2,0,2024,6,21
P689,110150197ETRUSCAN RED,,4,2,0,2024,6,21
P689,110150540JET BLACK,,4,2,0,2024,6,21
P689,110150692VEILED ROSE,,4,2,0,2024,6,21
P689,110150752CARDINAL,,4,2,0,2024,6,21
P689,110150855CLOUD DANCER,,4,2,0,2024,6,21
P689,110150855DELLA ROBBIA BLUE,,4,2,0,2024,6,21
P689,110150928ANTIQUE WHITE,,4,2,0,2024,6,21
P689,110151032PINK FROSTING,,4,2,0,2024,6,21
P689,110151036MIST GREEN,,4,2,0,2024,6,21
P689,110151038AIR BLUE,,4,2,0,2024,6,21
P689,110151151CLOUD DANCER,,4,2,0,2024,6,21
P689,110151192CLOUD DANCER,,4,2,0,2024,6,21
P689,110152077MOSS,,4,2,0,2024,6,21
P689,110152081STAR WHITE,,4,2,0,2024,6,21
P689,110145650MINERAL GREEN,,4,2,0,2024,6,21
P689,110145652OFF WHITE,,4,2,0,2024,6,21
P689,110145683DESERT SAGE,,4,2,0,2024,6,21
P689,110146210ZEPHYR,,4,2,0,2024,6,21
P689,110146217MOONLESS NIGHT,,4,2,0,2024,6,21
P689,110146218BLANC DE BLANC,,4,2,0,2024,6,21
P689,110146222CYPRESS,,4,2,0,2024,6,21
P689,110146451HIGHRISE,,4,2,0,2024,6,21
P689,110146454JET BLACK,,4,2,0,2024,6,21
P689,110146490JET BLACK,,4,2,0,2024,6,21
P689,110146964JESTER RED,,4,2,0,2024,6,21
P689,110147524BRIGHT WHITE,,4,2,0,2024,6,21
P689,110147525LEGION BLUE,,4,2,0,2024,6,21
P689,110147560ANISE FLOWER,,4,2,0,2024,6,21
P689,110147568JET BLACK,,4,2,0,2024,6,21
P689,110147571JET BLACK,,4,2,0,2024,6,21
P689,110147611PRISTINE,,4,2,0,2024,6,21
P689,110148044MARSHMALLOW,,4,2,0,2024,6,21
P689,110148265LIGHT CLEAR BLUE,,4,2,0,2024,6,21
P689,110148711STAR WHITE,,4,2,0,2024,6,21
P689,110148712LAPIS BLUE,,4,2,0,2024,6,21
P689,110148721STAR WHITE,,4,2,0,2024,6,21
P689,110148805STAR WHITE,,4,2,0,2024,6,21
P689,110149096BRIGHT WHITE,,4,2,0,2024,6,21
P689,110149142MARSHMALLOW,,4,2,0,2024,6,21
P689,110149143GRAPE,,4,2,0,2024,6,21
P689,110149157LIMOGES,,4,2,0,2024,6,21
P689,110149264FOG,,4,2,0,2024,6,21
P689,110149266CREAM PINK,,4,2,0,2024,6,21
P689,110149277PRISTINE,,4,2,0,2024,6,21
P689,110149307PRISTINE,,4,2,0,2024,6,21
P689,110149308CREAM PINK,,4,2,0,2024,6,21
P689,110149617MEDIUM BLUE,,4,2,0,2024,6,21
P689,110150121SNOW WHITE,,4,2,0,2024,6,21
P689,110150129BLUE DEPTHS,,4,2,0,2024,6,21
P689,110150529VANILLA ICE,,4,2,0,2024,6,21
P689,110150753ASH ROSE,,4,2,0,2024,6,21
P689,110150757WHISPER WHITE,,4,2,0,2024,6,21
P689,110150852CLOUD DANCER,,4,2,0,2024,6,21
P689,110150855CITRONELLE,,4,2,0,2024,6,21
P689,110151036BRIGHT WHITE,,4,2,0,2024,6,21
P689,110151064FOREST SHADE,,4,2,0,2024,6,21
P689,110151145SNOW WHITE,,4,2,0,2024,6,21
P689,110151193CLOUD DANCER,,4,2,0,2024,6,21
P689,110145651OFF WHITE,,4,2,0,2024,6,21
P689,110145684WHITE,,4,2,0,2024,6,21
P689,110145828BLANC DE BLANC,,4,2,0,2024,6,21
P689,110145828MINERAL GREEN,,4,2,0,2024,6,21
P689,110145875BRIGHT WHITE,,4,2,0,2024,6,21
P689,110146035DEEP DEPTHS,,4,2,0,2024,6,21
P689,110146040FROSTY GREEN,,4,2,0,2024,6,21
P689,110146135CLOUD DANCER,,4,2,0,2024,6,21
P689,110146135EGRET,,4,2,0,2024,6,21
P689,110146135VANILLA CREAM,,4,2,0,2024,6,21
P689,110146444JET BLACK,,4,2,0,2024,6,21
P689,110146450CLOUD DANCER,,4,2,0,2024,6,21
P689,110147570DREAM BLUE,,4,2,0,2024,6,21
P689,110148219SEA PINK,,4,2,0,2024,6,21
P689,110148708BLACK IRIS,,4,2,0,2024,6,21
P689,110148722STAR WHITE,,4,2,0,2024,6,21
P689,110149096DOUBLE CREAM,,4,2,0,2024,6,21
P689,110149140CHATEAU ROSE,,4,2,0,2024,6,21
P689,110149153BONNIE BLUE,,4,2,0,2024,6,21
P689,110149259MARSHMALLOW,,4,2,0,2024,6,21
P689,110149309CREAM PINK,,4,2,0,2024,6,21
P689,110150455STAR WHITE,,4,2,0,2024,6,21
P689,110150458STAR WHITE,,4,2,0,2024,6,21
P689,110150539CANNOLI CREAM,,4,2,0,2024,6,21
P689,110150541MISTLETOE,,4,2,0,2024,6,21
P689,110150574CANNOLI CREAM,,4,2,0,2024,6,21
P689,110150575VEILED ROSE,,4,2,0,2024,6,21
P689,110150756CARDINAL,,4,2,0,2024,6,21
P689,110150855FOREST NIGHT,,4,2,0,2024,6,21
P689,110150856CLOUD DANCER,,4,2,0,2024,6,21
P689,110151030CITRONELLE,,4,2,0,2024,6,21
P689,110151149CLOUD DANCER,,4,2,0,2024,6,21
P689,110152080JET BLACK,,4,2,0,2024,6,21
P689,110145632OFF WHITE,,4,2,0,2024,6,21
P689,110145651BRIGHT WHITE,,4,2,0,2024,6,21
P689,110145684AIR BLUE,,4,2,0,2024,6,21
P689,110145685DUSTY ROSE,,4,2,0,2024,6,21
P689,110145828DREAM BLUE,,4,2,0,2024,6,21
P689,110145966PINK LAVENDER,,4,2,0,2024,6,21
P689,110146135SEEDPEARL,,4,2,0,2024,6,21
P689,110146207CHILI PEPPER,,4,2,0,2024,6,21
P689,110146207TOTAL ECLIPSE,,4,2,0,2024,6,21
P689,110146219BLANC DE BLANC,,4,2,0,2024,6,21
P689,110146229JET BLACK,,4,2,0,2024,6,21
P689,110146453URBAN RED,,4,2,0,2024,6,21
P689,110146459STRAWBERRY ICE,,4,2,0,2024,6,21
P689,110147434CORK,,4,2,0,2024,6,21
P689,110147436EGRET,,4,2,0,2024,6,21
P689,110147437PRISTINE,,4,2,0,2024,6,21
P689,110147602BLANC DE BLANC,,4,2,0,2024,6,21
P689,110147757ROMANCE ROSE,,4,2,0,2024,6,21
P689,110147757WHISPER WHITE,,4,2,0,2024,6,21
P689,110148262SORREL BROWN,,4,2,0,2024,6,21
P689,110148287PEBBLE,,4,2,0,2024,6,21
P689,110148372MEDIUM BLUE,,4,2,0,2024,6,21
P689,110148388BRIGHT WHITE,,4,2,0,2024,6,21
P689,110148859SORREL BROWN,,4,2,0,2024,6,21
P689,110149093DUTCH CANAL,,4,2,0,2024,6,21
P689,110149278CORNFLOWER BLUE,,4,2,0,2024,6,21
P689,110149310ETRUSCAN RED,,4,2,0,2024,6,21
P689,110150020ANTHRACITE,,4,2,0,2024,6,21
P689,110150452SURF THE WEB,,4,2,0,2024,6,21
P689,110150537MISTLETOE,,4,2,0,2024,6,21
P689,110150852DELLA ROBBIA BLUE,,4,2,0,2024,6,21
P689,110151028SEEDPEARL,,4,2,0,2024,6,21
P689,110151037JET BLACK,,4,2,0,2024,6,21
P689,110151143BLUE HORIZON,,4,2,0,2024,6,21
P689,110151146CANDY PINK,,4,2,0,2024,6,21
P689,110151147BLUE HORIZON,,4,2,0,2024,6,21
P689,110146456DARK PURPLE,,4,2,6,2024,6,21
P689,110146364ICEBERG GREEN,,4,2,6,2024,6,21
P689,110148127PEACOAT,,4,2,6,2024,6,21
P689,110145897BURNT HENNA,,4,2,7,2024,6,21
P689,880014095PIQANTE,,4,2,6,2024,6,21
P689,110146456JET BLACK,,4,2,6,2024,6,21
P689,880014096EGRET,,4,2,6,2024,6,21
P689,110145897JET BLACK,,4,2,6,2024,6,21
P689,880014095TRUE NAVY,,4,2,6,2024,6,21
P689,110146456CLOUD DANCER,,4,2,6,2024,6,21
P689,880014096JET BLACK,,4,2,6,2024,6,21
P689,880014096SACHET PINK,,4,2,6,2024,6,21
P689,110148127FROSTY GREEN,,4,2,6,2024,6,21
P689,880014096SAGE,,4,2,6,2024,6,21
P689,110146457ANTIQUE WHITE,,4,2,6,2024,6,21
P689,110146457WINDSURFER,,4,2,6,2024,6,21
P689,110145897PALE STAR,,4,2,7,2024,6,21
P689,110149067GRAPE WINE,,4,2,6,2024,6,21
P689,110146363VALERIAN,,4,2,6,2024,6,21
P689,110146456BRIGHT WHITE,,4,2,6,2024,6,21
P689,880014096BLANC DE BLANC,,4,2,6,2024,6,21
P689,110149067JET BLACK,,4,2,6,2024,6,21
P689,110144492LEGION BLUE,,4,2,6,2024,6,21
P689,110145897OLIVE NIGHT,,4,2,6,2024,6,21
P689,110146131CLOUD DANCER,,4,2,6,2024,6,21
P689,110149067GLACIER GRAY,,4,2,6,2024,6,21
P689,880014095WISTERIA,,4,2,6,2024,6,21
P689,880014095CANNOLI CREAM,,4,2,6,2024,6,21
P689,110148127PALE STAR,,4,2,6,2024,6,21
P689,110148127CLOUD DANCER,,4,2,6,2024,6,21
P689,110146456PEACH WHIP,,4,2,6,2024,6,21
P689,880014095MARITIME BLUE,,4,2,6,2024,6,21
P689,880014095DESERT SAND,,4,2,6,2024,6,21
P689,110144492OLIVE NIGHT,,4,2,6,2024,6,21
P689,110146292ORCHID BLOOM,,4,2,6,2024,6,21
P689,110146364JET BLACK,,4,2,7,2024,6,21
P689,110146456PIQANTE,,4,2,6,2024,6,21
P689,110145897STAR WHITE,,4,2,6,2024,6,21
P689,110146457SMOKE GREEN,,4,2,6,2024,6,21
P689,110151029CLOUD DANCER,,4,2,6,2024,6,21
P689,880014096PINEAPPLE SLICE,,4,2,7,2024,6,21
P689,110144492CASHMERE BLUE,,4,2,6,2024,6,21
P689,880014096CHRYSANTHEMUM,,4,2,6,2024,6,21
P689,880014096URBAN RED,,4,2,6,2024,6,21
P689,110146131JET BLACK,,4,2,6,2024,6,21
P689,110144492STAR WHITE,,4,2,6,2024,6,21
P689,110148126JET BLACK,,4,2,7,2024,6,21
P689,110146292OPEN AIR,,4,2,6,2024,6,21
P689,880014095BLUE DEPTHS,,4,2,6,2024,6,21
P689,110146362VALERIAN,,4,2,7,2024,6,21
P689,110148126PURPLE HEATHER,,4,2,7,2024,6,21
P689,110144492JET BLACK,,4,2,6,2024,6,21
P689,880014096PURPLE PENNANT,,4,2,6,2024,6,21
P689,110149067OPEN AIR,,4,2,6,2024,6,21
P689,110149067FLAMINGO PLUME,,4,2,6,2024,6,21
P689,110149067SNOW WHITE,,4,2,6,2024,6,21
P689,110146362JET BLACK,,4,2,7,2024,6,21
P689,110145608LILAC,,4,2,6,2024,6,21
P689,110146363JET BLACK,,4,2,6,2024,6,21
P689,880014096OPEN AIR,,4,2,7,2024,6,21
P689,110145608NAVY,,4,2,6,2024,6,21
P689,110144492ROSE SMOKE,,4,2,6,2024,6,21
P689,110146363OIL GREEN,,4,2,7,2024,6,21
P689,110148127MODERATE BLUE,,4,2,6,2024,6,21
P689,110146363ANTHRACITE,,4,2,6,2024,6,21
P689,110146067ANTIQUE WHITE,,3,2,0,2024,6,21
P689,110146472STAR WHITE,,3,2,0,2024,6,21
P689,110148082PAPYRUS,,3,2,0,2024,6,21
P689,110148342FOREST SHADE,,3,2,0,2024,6,21
P689,110146074DELLA ROBBIA BLUE,,3,2,0,2024,6,21
P689,110146471DELLA ROBBIA BLUE,,3,2,0,2024,6,21
P689,110146623ASPHALT,,3,2,0,2024,6,21
P689,110148083STAR WHITE,,3,2,0,2024,6,21
P689,110148086PUCE,,3,2,0,2024,6,21
P689,880014992PAPYRUS,,3,2,0,2024,6,21
P689,110146069ANTIQUE WHITE,,3,2,0,2024,6,21
P689,110146367STAR WHITE,,3,2,0,2024,6,21
P689,110148344JET BLACK,,3,2,0,2024,6,21
P689,110148343TINT INDIGO,,3,2,0,2024,6,21
P689,110146068DELLA ROBBIA BLUE,,3,2,0,2024,6,21
P689,110146069FOREST SHADE,,3,2,0,2024,6,21
P689,110148139URBAN RED,,3,2,0,2024,6,21
P689,110148138STAR WHITE,,3,2,0,2024,6,21
P689,110148140JET BLACK,,3,2,0,2024,6,21
P689,110146071CEDAR,,3,2,0,2024,6,21
P689,110148084URBAN RED,,3,2,0,2024,6,21
P689,110148082PUCE,,3,2,0,2024,6,21
P689,110148085ANTIQUE WHITE,,3,2,0,2024,6,21
P689,110148342JET BLACK,,3,2,0,2024,6,21
P689,110148158MEDIUM STONE,,3,2,0,2024,6,21
P689,110148157MEDIUM STONE,,3,2,0,2024,6,21
P689,110145965ANTHRACITE,,3,2,0,2024,6,21
P689,110146042DUTCH CANAL,,3,2,0,2024,6,21
P689,110151869JET BLACK,,4,2,6,2024,6,21
P689,110146000BAROQUE ROSE,,3,2,0,2024,6,21
P689,110145990DUTCH CANAL,,3,2,0,2024,6,21
P689,110145989ANTHRACITE,,3,2,0,2024,6,21
P689,110145963ANTHRACITE,,3,2,0,2024,6,21
P689,110145705BLACK,,4,2,0,2024,6,21
P689,110145824FOREST SHADE,,4,2,0,2024,6,21
P689,110146101FOXGLOVE,,4,2,0,2024,6,21
P689,110146209LIGHT BLUE,,4,2,0,2024,6,21
P689,110146390DUSTY ROSE,,4,2,0,2024,6,21
P689,110145868LIGHT BLUE,,4,2,0,2024,6,21
P689,110148370LIGHT BLUE,,4,2,0,2024,6,21
P689,110145831DEEP DEPTHS,,4,2,0,2024,6,21
P689,110146447DEEP MAHOGANY,,4,2,0,2024,6,21
P689,110146953BLACK,,4,2,0,2024,6,21
P689,110147791DARK BLUE,,4,2,0,2024,6,21
P689,110147792MEDIUM BLUE,,4,2,0,2024,6,21
P689,110147794DARK BLUE,,4,2,0,2024,6,21
P689,110147794MEDIUM BLUE,,4,2,0,2024,6,21
P689,110145830GREEN BAY,,4,2,0,2024,6,21
P689,110146209TINT INDIGO,,4,2,0,2024,6,21
P689,110146214SEEDPEARL,,4,2,0,2024,6,21
P689,110147791LIGHT BLUE,,4,2,0,2024,6,21
P689,110147792TINT INDIGO,,4,2,0,2024,6,21
P689,110148371DARK BLUE,,4,2,0,2024,6,21
P689,110146209MEDIUM STONE,,4,2,0,2024,6,21
P689,110146214JET BLACK,,4,2,0,2024,6,21
P689,110146215CYPRESS,,4,2,0,2024,6,21
P689,110146390DESERT SAGE,,4,2,0,2024,6,21
P689,110147797LIGHT BLUE,,4,2,0,2024,6,21
P689,110148369DEEP MAHOGANY,,4,2,0,2024,6,21
P689,110148385JET BLACK,,4,2,0,2024,6,21
P689,110148387DEEP MAHOGANY,,4,2,0,2024,6,21
P689,110148585WARM TAUPE,,4,2,0,2024,6,21
P689,110145830ZEPHYR,,4,2,0,2024,6,21
P689,110145831JET BLACK,,4,2,0,2024,6,21
P689,110147793BLACK,,4,2,0,2024,6,21
P689,110146215JET BLACK,,4,2,0,2024,6,21
P689,110146447JET BLACK,,4,2,0,2024,6,21
P689,110145898MILITARY OLIVE,,3,2,0,2024,6,21
P689,880014853LODEN GREEN,,3,2,0,2024,6,21
P689,880014853PUCE,,3,2,0,2024,6,21
P689,110147200DARK STONE,,3,2,0,2024,6,21
P689,110147200RINSE BLACK,,3,2,0,2024,6,21
P689,110148156DARK STONE,,3,2,0,2024,6,21
P689,110148156RINSE BLACK,,3,2,0,2024,6,21
P689,110147802TINT INDIGO,,3,2,0,2024,6,21
P689,110148341TINT INDIGO,,3,2,0,2024,6,21
P689,880014980LIGHT STONE,,3,2,0,2024,6,21
P689,880014854JET BLACK,,3,2,0,2024,6,21
P689,110146136MEDIUM STONE,,3,2,0,2024,6,21
P689,880014854CHICORY,,3,2,0,2024,6,21
P689,880014991PAPYRUS,,3,2,0,2024,6,21
P689,110146136LIGHT STONE,,3,2,0,2024,6,21
P689,110147802ACID WASH,,3,2,0,2024,6,21
P689,110148081JET BLACK,,3,2,0,2024,6,21
P689,110148341LIGHT STONE,,3,2,0,2024,6,21
P689,110145616MEDIUM GRAY,,4,2,0,2024,6,21
P689,110146215FOG,,4,2,0,2024,6,21
P689,110148285PEBBLE,,4,2,0,2024,6,21
P689,110150580ASH ROSE,,4,2,0,2024,6,21
P689,110150751WHISPER WHITE,,4,2,0,2024,6,21
P689,110151096JET BLACK,,4,2,0,2024,6,21
P689,110151150CLOUD DANCER,,4,2,0,2024,6,21
P689,880015131MEDIUM STONE,,4,2,0,2024,6,21
P689,880015232BLACK,,4,2,0,2024,6,21
P689,110146215CORNFLOWER BLUE,,4,2,0,2024,6,21
P689,110146215FROSTY GREEN,,4,2,0,2024,6,21
P689,110146448MEDIUM BLUE,,4,2,0,2024,6,21
P689,110148212CLOUD DANCER,,4,2,0,2024,6,21
P689,110149133ZEPHYR,,4,2,0,2024,6,21
P689,110150118ANTHRACITE,,4,2,0,2024,6,21
P689,110150479SKY BLUE,,4,2,0,2024,6,21
P689,110145616JET BLACK,,4,2,0,2024,6,21
P689,110146090BLACK,,4,2,0,2024,6,21
P689,110146215CLOUD DANCER,,4,2,0,2024,6,21
P689,110146215LARK,,4,2,0,2024,6,21
P689,110147796BLACK,,4,2,0,2024,6,21
P689,110148717STAR WHITE,,4,2,0,2024,6,21
P689,110148718STAR WHITE,,4,2,0,2024,6,21
P689,110149092LIGHT BLUE,,4,2,0,2024,6,21
P689,110150120ANTHRACITE,,4,2,0,2024,6,21
P689,110150751CARDINAL,,4,2,0,2024,6,21
P689,110150755ANTIQUE WHITE,,4,2,0,2024,6,21
P689,880014087MEDIUM BLUE,,4,2,0,2024,6,21
P689,880014961BEECH,,4,2,0,2024,6,21
P689,880014961CHOCOLATE FONDANT,,4,2,0,2024,6,21
P689,880014961FESTIVAL FUCHSIA,,4,2,0,2024,6,21
P689,880015131ICE,,4,2,0,2024,6,21
P689,110146390DIJON,,4,2,0,2024,6,21
P689,110146961DIJON,,4,2,0,2024,6,21
P689,110148373LIGHT BLUE,,4,2,0,2024,6,21
P689,110148528JET BLACK,,4,2,0,2024,6,21
P689,110149255INDIAN TAN,,4,2,0,2024,6,21
P689,110150745JET BLACK,,4,2,0,2024,6,21
P689,110150850CLOUD DANCER,,4,2,0,2024,6,21
P689,110152159JET BLACK,,4,2,0,2024,6,21
P689,110145616DARK SHADOW,,4,2,0,2024,6,21
P689,110146492CORNFLOWER BLUE,,4,2,0,2024,6,21
P689,110147433CORK,,4,2,0,2024,6,21
P689,110148294CYPRESS,,4,2,0,2024,6,21
P689,110149136MARSHMALLOW,,4,2,0,2024,6,21
P689,110150021CAPTAINS BLUE,,4,2,0,2024,6,21
P689,110150754WHISPER WHITE,,4,2,0,2024,6,21
P689,110146034MEDIUM STONE,,4,2,0,2024,6,21
P689,110146034TINT INDIGO,,4,2,0,2024,6,21
P689,110146448BLUE,,4,2,0,2024,6,21
P689,110147553JET BLACK,,4,2,0,2024,6,21
P689,110147555SORREL BROWN,,4,2,0,2024,6,21
P689,110147593CYPRESS,,4,2,0,2024,6,21
P689,110147795DARK BLUE,,4,2,0,2024,6,21
P689,110148284BLACK IRIS,,4,2,0,2024,6,21
P689,110148294WHISPER WHITE,,4,2,0,2024,6,21
P689,110148373MEDIUM BLUE,,4,2,0,2024,6,21
P689,110149255JET BLACK,,4,2,0,2024,6,21
P689,110150023LIGHT BLUE,,4,2,0,2024,6,21
P689,110150482PINK LAVENDER,,4,2,0,2024,6,21
P689,110150805WHISPER WHITE,,4,2,0,2024,6,21
P689,110150926ANTHRACITE,,4,2,0,2024,6,21
P689,110151713FOREST SHADE,,4,2,0,2024,6,21
P689,110152158SLATE GREEN,,4,2,0,2024,6,21
P689,110147433CORNFLOWER BLUE,,4,2,0,2024,6,21
P689,110147792LIGHT BLUE,,4,2,0,2024,6,21
P689,110148373DARK BLUE,,4,2,0,2024,6,21
P689,110148710LAPIS BLUE,,4,2,0,2024,6,21
P689,110149276CREAM PINK,,4,2,0,2024,6,21
P689,110149279CREAM PINK,,4,2,0,2024,6,21
P689,110150022LIGHT BLUE,,4,2,0,2024,6,21
P689,110151150LARK,,4,2,0,2024,6,21
P689,110151313DELLA ROBBIA BLUE,,4,2,0,2024,6,21
P689,110152157TINT INDIGO,,4,2,0,2024,6,21
P689,880014961AIR BLUE,,4,2,0,2024,6,21
P689,880014961SNOW WHITE,,4,2,0,2024,6,21
P689,110145616DEEP OLIVE,,4,2,0,2024,6,21
P689,110146034LIGHT BLUE,,4,2,0,2024,6,21
P689,110147593ROMANCE ROSE,,4,2,0,2024,6,21
P689,110148386BLACK,,4,2,0,2024,6,21
P689,110148426STAR WHITE,,4,2,0,2024,6,21
P689,110149276ETRUSCAN RED,,4,2,0,2024,6,21
P689,110149279LENTIL SPROUT,,4,2,0,2024,6,21
P689,110150119TAN,,4,2,0,2024,6,21
P689,110151063ANTHRACITE,,4,2,0,2024,6,21
P689,110151528EGRET,,4,2,0,2024,6,21
P689,880014087LIGHT BLUE,,4,2,0,2024,6,21
P689,880015130TINT INDIGO,,4,2,0,2024,6,21
P689,880015230ORCHID PINK,,4,2,0,2024,6,21
P689,880015231GREY,,4,2,0,2024,6,21
P689,110148214GLACIER GRAY,,4,2,6,2024,6,21
P689,110148213BLUE HORIZON,,4,2,6,2024,6,21
P689,110148529DAWN PINK,,4,2,6,2024,6,21
P689,110149066LUPINE,,4,2,6,2024,6,21
P689,880015270MEDIUM BLUE,,4,2,6,2024,6,21
P689,110149066GRAPE WINE,,4,2,6,2024,6,21
P689,110148214ANTHRACITE,,4,2,6,2024,6,21
P689,110146362BLUE HORIZON,,4,2,6,2024,6,21
P689,110148221GLACIER GRAY,,4,2,7,2024,6,21
P689,110148213GLACIER GRAY,,4,2,6,2024,6,21
P689,110148529STRETCH LIMO,,4,2,6,2024,6,21
P689,110148529JET BLACK,,4,2,6,2024,6,21
P689,110148529BROWN STONE,,4,2,6,2024,6,21
P689,110148214BLUE HORIZON,,4,2,6,2024,6,21
P689,110146362STRAWBERRY ICE,,4,2,7,2024,6,21
P689,110148529DARK PURPLE,,4,2,6,2024,6,21
P689,880015273BLACK,,4,2,6,2024,6,21
P689,110149066GLACIER GRAY,,4,2,6,2024,6,21
P689,880015271BLACK,,4,2,6,2024,6,21
P689,110148213STRAWBERRY ICE,,4,2,6,2024,6,21
P689,110148529SUNNY LIME,,4,2,6,2024,6,21
P689,110146362ECRU,,4,2,7,2024,6,21
P689,110148213ANTHRACITE,,4,2,6,2024,6,21
P689,880015272TINT INDIGO,,4,2,6,2024,6,21
P689,110148529RABBIT,,4,2,6,2024,6,21
P689,110146364OIL GREEN,,4,2,7,2024,6,21
P689,110148136CHARCOAL GRAY,,4,2,0,2024,6,21
P689,110148137DARK STONE,,4,2,0,2024,6,21
P689,110148136RINSE BLACK,,4,2,0,2024,6,21
P689,110148940RINSE BLACK,,3,2,0,2024,6,21
P689,110146226PINK FROSTING,,4,2,12,2024,6,21
P689,110148223CHILI PEPPER,,4,2,12,2024,6,21
P689,110148224ALMOND PEACH,,4,2,12,2024,6,21
P689,110148135STAR WHITE,,4,2,12,2024,6,21
P689,110149928DEW,,4,2,12,2024,6,21
P689,110148225ICEBERG GREEN,,4,2,12,2024,6,21
P689,110148224STAR WHITE,,4,2,12,2024,6,21
P689,110148222STAR WHITE,,4,2,12,2024,6,21
P689,110148223LAUREL WREATH,,4,2,12,2024,6,21
P689,110148225BRIGHT WHITE,,4,2,12,2024,6,21
P689,110146108STAR WHITE,,4,2,12,2024,6,21
P689,110146226DAWN PINK,,4,2,12,2024,6,21
P689,110146109MOONLESS NIGHT,,4,2,12,2024,6,21
P689,110146226DARK PURPLE,,4,2,12,2024,6,21
P689,110146112MOONLESS NIGHT,,4,2,12,2024,6,21
P689,110146112SNOW WHITE,,4,2,12,2024,6,21
P689,110148225ALMOND PEACH,,4,2,12,2024,6,21
P689,110146226PIRATE BLACK,,4,2,12,2024,6,21
P689,110146073DEW,,4,2,12,2024,6,21
P689,110148224MOONLESS NIGHT,,4,2,12,2024,6,21
P689,110146073PINK LAVENDER,,4,2,12,2024,6,21
P689,110148223REFLECTING POND,,4,2,12,2024,6,21
P689,110149928STAR WHITE,,4,2,12,2024,6,21
P689,110148223JET BLACK,,4,2,12,2024,6,21
P689,110148222ICEBERG GREEN,,4,2,12,2024,6,21
P689,110146111DUSTY ROSE,,4,2,12,2024,6,21
P689,110148223MOONLESS NIGHT,,4,2,12,2024,6,21
P689,110149928DARK PURPLE,,4,2,12,2024,6,21
P689,110146227JET BLACK,,4,2,12,2024,6,21
P689,110150553JET BLACK,,4,2,12,2024,6,21
P689,110146110STAR WHITE,,4,2,12,2024,6,21
P689,110146226STRETCH LIMO,,4,2,12,2024,6,21
P689,110148225NOSTALGIA ROSE,,4,2,12,2024,6,21
P689,110146110JET BLACK,,4,2,12,2024,6,21
P689,110146006DESERT SAGE,,4,2,12,2024,6,21
P689,110146073PIRATE BLACK,,4,2,12,2024,6,21
P689,110146112DUSTY ROSE,,4,2,12,2024,6,21
P689,110146073SNOW WHITE,,4,2,12,2024,6,21
P689,110146226JET BLACK,,4,2,12,2024,6,21
P689,110148222CHILI PEPPER,,4,2,12,2024,6,21
P689,110146006PRISTINE,,4,2,12,2024,6,21
P689,110146109DESERT SAGE,,4,2,12,2024,6,21
P689,110148224BRIGHT WHITE,,4,2,12,2024,6,21
P689,110146073JET BLACK,,4,2,12,2024,6,21
P689,110146108BITTER CHOCOLATE,,4,2,12,2024,6,21
P689,110146226OPEN AIR,,4,2,12,2024,6,21
P689,110148223CLEAR SKY,,4,2,12,2024,6,21
P689,110148225EGGNOG,,4,2,12,2024,6,21
P689,110146111SNOW WHITE,,4,2,12,2024,6,21
P689,110148222DAWN PINK,,4,2,12,2024,6,21
P689,110146108JET BLACK,,4,2,12,2024,6,21
P689,110148225MOONLESS NIGHT,,4,2,12,2024,6,21
P689,110148225CHILI PEPPER,,4,2,12,2024,6,21
P689,110146226ANTHRACITE,,4,2,12,2024,6,21
P689,110146110BITTER CHOCOLATE,,4,2,12,2024,6,21
P689,110146006CYPRESS,,4,2,12,2024,6,21
P689,110146110PRISTINE,,4,2,12,2024,6,21
P689,110148131ALMOND PEACH,,4,2,12,2024,6,21
P689,110146109JET BLACK,,4,2,12,2024,6,21
P689,110146108CYPRESS,,4,2,12,2024,6,21
P689,110146226PINK LAVENDER,,4,2,12,2024,6,21
P689,110148135SNOW WHITE,,4,2,12,2024,6,21
P689,110148222BRIGHT WHITE,,4,2,12,2024,6,21
P689,110146111DESERT SAGE,,4,2,12,2024,6,21
P689,110146108PRISTINE,,4,2,12,2024,6,21
P689,110148223EGGNOG,,4,2,12,2024,6,21
P689,110146226ROEBUCK,,4,2,12,2024,6,21
P689,110146111PRISTINE,,4,2,12,2024,6,21
P689,110146226SKY BLUE,,4,2,12,2024,6,21
P689,110148223NOSTALGIA ROSE,,4,2,12,2024,6,21
P689,110146073DUSTY YELLOW,,4,2,12,2024,6,21
P689,110146108SNOW WHITE,,4,2,12,2024,6,21
P689,110148222LAUREL WREATH,,4,2,12,2024,6,21
P689,110148225CLEAR SKY,,4,2,12,2024,6,21
P689,110148131STAR WHITE,,4,2,12,2024,6,21
P689,110150560BRIGHT WHITE,,4,2,12,2024,6,21
P689,110146073BROWN STONE,,4,2,12,2024,6,21
P689,110146073VIOLET ICE,,4,2,12,2024,6,21
P689,110148131MOONLESS NIGHT,,4,2,12,2024,6,21
P689,110146109PRISTINE,,4,2,12,2024,6,21
P689,110146006DUSTY ROSE,,4,2,12,2024,6,21
P689,110146226FOREST SHADE,,4,2,12,2024,6,21
P689,110146111SEEDPEARL,,4,2,12,2024,6,21
P689,110148225JET BLACK,,4,2,12,2024,6,21
P689,110150554JET BLACK,,4,2,12,2024,6,21
P689,110148223DRIED HERB,,4,2,12,2024,6,21
P689,110146108SEEDPEARL,,4,2,12,2024,6,21
P689,110148131BRIGHT WHITE,,4,2,12,2024,6,21
P689,110146108DUSTY ROSE,,4,2,12,2024,6,21
P689,110148223STAR WHITE,,4,2,12,2024,6,21
P689,110148222DRIED HERB,,4,2,12,2024,6,21
P689,110146108DESERT SAGE,,4,2,12,2024,6,21
P689,110148225LEMON MERINGUE,,4,2,12,2024,6,21
P689,110146226DUSTY YELLOW,,4,2,12,2024,6,21
P689,110148225STAR WHITE,,4,2,12,2024,6,21
P689,110148224NOSTALGIA ROSE,,4,2,12,2024,6,21
P689,110146112JET BLACK,,4,2,12,2024,6,21
P689,110146006SNOW WHITE,,4,2,12,2024,6,21
P689,110148224REFLECTING POND,,4,2,12,2024,6,21
P689,110146109BITTER CHOCOLATE,,4,2,12,2024,6,21
P689,110146111JET BLACK,,4,2,12,2024,6,21
P689,110146111ROSE DUST,,4,2,12,2024,6,21
P689,110146073SKY BLUE,,4,2,12,2024,6,21
P689,110146111CYPRESS,,4,2,12,2024,6,21
P689,110146006BITTER CHOCOLATE,,4,2,12,2024,6,21
P689,110146006ETRUSCAN RED,,4,2,12,2024,6,21
P689,110146226SUNNY LIME,,4,2,12,2024,6,21
P689,110148222CLEAR SKY,,4,2,12,2024,6,21
P689,110146111ETRUSCAN RED,,4,2,12,2024,6,21
P689,110146112SEEDPEARL,,4,2,12,2024,6,21
P689,110146226NOSTALGIA ROSE,,4,2,12,2024,6,21
P689,110146006STAR WHITE,,4,2,12,2024,6,21
P689,110148223SURF THE WEB,,4,2,12,2024,6,21
P689,110146110CYPRESS,,4,2,12,2024,6,21
P689,110148225DRIED HERB,,4,2,12,2024,6,21
P689,110148222MOONLESS NIGHT,,4,2,12,2024,6,21
P689,110146111MOONLESS NIGHT,,4,2,12,2024,6,21
P689,110148225REFLECTING POND,,4,2,12,2024,6,21
P689,110146110DUSTY ROSE,,4,2,12,2024,6,21
P689,110148225ANTIQUE WHITE,,4,2,12,2024,6,21
P689,110146108ROSE DUST,,4,2,12,2024,6,21
P689,110148222JET BLACK,,4,2,12,2024,6,21
P689,110146073STAR WHITE,,4,2,12,2024,6,21
P689,110146108ETRUSCAN RED,,4,2,12,2024,6,21
P689,110148225OFF WHITE,,4,2,12,2024,6,21
P689,110146073PURPLE DUSK,,4,2,12,2024,6,21
P689,110146110MOONLESS NIGHT,,4,2,12,2024,6,21
P689,110148222NOSTALGIA ROSE,,4,2,12,2024,6,21
P689,110149928JET BLACK,,4,2,12,2024,6,21
P689,110148222REFLECTING POND,,4,2,12,2024,6,21
P689,110146006MOONLESS NIGHT,,4,2,12,2024,6,21
P689,110146112CYPRESS,,4,2,12,2024,6,21
P689,110148223ASH ROSE,,4,2,12,2024,6,21
P689,110146226DEW,,4,2,12,2024,6,21
P689,110148222ALMOND PEACH,,4,2,12,2024,6,21
P689,110146006SEEDPEARL,,4,2,12,2024,6,21
P689,110146006JET BLACK,,4,2,12,2024,6,21
P689,110146109CYPRESS,,4,2,12,2024,6,21
P689,110146226DELLA ROBBIA BLUE,,4,2,12,2024,6,21
P689,110146109DUSTY ROSE,,4,2,12,2024,6,21
P689,110148223BRIGHT WHITE,,4,2,12,2024,6,21
P689,110148224LENTIL SPROUT,,4,2,12,2024,6,21
P689,110148224ORANGE BROWN,,4,2,12,2024,6,21
P689,110146966JESTER RED,,3,2,0,2024,6,21
P689,110147967DARK PURPLE,,3,2,0,2024,6,21
P689,110149897STAR WHITE,,3,2,0,2024,6,21
P689,110149898JET BLACK,,3,2,0,2024,6,21
P689,110150451PALE BANANA,,3,2,0,2024,6,21
P689,110150483DEW,,3,2,0,2024,6,21
P689,110145703ZEPHYR,,3,2,0,2024,6,21
P689,110146027JET BLACK,,3,2,0,2024,6,21
P689,110147506JET BLACK,,3,2,0,2024,6,21
P689,110148427BRIGHT WHITE,,3,2,0,2024,6,21
P689,110149900STAR WHITE,,3,2,0,2024,6,21
P689,110151139ZEPHYR,,3,2,0,2024,6,21
P689,110151165BLUE HORIZON,,3,2,0,2024,6,21
P689,110148042GRAY LILAC,,3,2,0,2024,6,21
P689,110149145PASTEL LAVENDER,,3,2,0,2024,6,21
P689,110149899JET BLACK,,3,2,0,2024,6,21
P689,110150486PINK LAVENDER,,3,2,0,2024,6,21
P689,110146030DEW,,3,2,0,2024,6,21
P689,110146032JET BLACK,,3,2,0,2024,6,21
P689,110147513LIGHT CLEAR BLUE,,3,2,0,2024,6,21
P689,110148217SEA PINK,,3,2,0,2024,6,21
P689,110149134JET BLACK,,3,2,0,2024,6,21
P689,110150488PINK LAVENDER,,3,2,0,2024,6,21
P689,110150616PINK LAVENDER,,3,2,0,2024,6,21
P689,110146027ZEPHYR,,3,2,0,2024,6,21
P689,110147508LEGION BLUE,,3,2,0,2024,6,21
P689,110148043GRAY LILAC,,3,2,0,2024,6,21
P689,110148428JET BLACK,,3,2,0,2024,6,21
P689,110148530JET BLACK,,3,2,0,2024,6,21
P689,110149154LIMOGES,,3,2,0,2024,6,21
P689,110149155OPEN AIR,,3,2,0,2024,6,21
P689,110149262BRIGHT WHITE,,3,2,0,2024,6,21
P689,110149898PINK FROSTING,,3,2,0,2024,6,21
P689,110151142CEDAR WOOD,,3,2,0,2024,6,21
P689,110145701DEW,,3,2,0,2024,6,21
P689,110145701MUSHROOM,,3,2,0,2024,6,21
P689,110146029LAUREL GREEN,,3,2,0,2024,6,21
P689,110146031JET BLACK,,3,2,0,2024,6,21
P689,110147507LAVANDULA,,3,2,0,2024,6,21
P689,110147512LAVANDULA,,3,2,0,2024,6,21
P689,110148991BLACK IRIS,,3,2,0,2024,6,21
P689,110149134ZEPHYR,,3,2,0,2024,6,21
P689,110150484DEW,,3,2,0,2024,6,21
P689,110150487DEW,,3,2,0,2024,6,21
P689,110151098JET BLACK,,3,2,0,2024,6,21
P689,110146028FOXGLOVE,,3,2,0,2024,6,21
P689,110146031DEW,,3,2,0,2024,6,21
P689,110146102FOREST SHADE,,3,2,0,2024,6,21
P689,110146965WHISPER WHITE,,3,2,0,2024,6,21
P689,110148218BLACK IRIS,,3,2,0,2024,6,21
P689,110148427STAR WHITE,,3,2,0,2024,6,21
P689,110148428STAR WHITE,,3,2,0,2024,6,21
P689,110148429STAR WHITE,,3,2,0,2024,6,21
P689,110148992SEA PINK,,3,2,0,2024,6,21
P689,110149149SNOW WHITE,,3,2,0,2024,6,21
P689,110150180BONNIE BLUE,,3,2,0,2024,6,21
P689,110150485SKY BLUE,,3,2,0,2024,6,21
P689,110150615SKY BLUE,,3,2,0,2024,6,21
P689,110150617MELLOW YELLOW,,3,2,0,2024,6,21
P689,110145703JET BLACK,,3,2,0,2024,6,21
P689,110145874PAPYRUS,,3,2,0,2024,6,21
P689,110146029FOREST SHADE,,3,2,0,2024,6,21
P689,110146032MUSHROOM,,3,2,0,2024,6,21
P689,110146102DEW,,3,2,0,2024,6,21
P689,110147511JET BLACK,,3,2,0,2024,6,21
P689,110147966GRAY LILAC,,3,2,0,2024,6,21
P689,110147968DARK PURPLE,,3,2,0,2024,6,21
P689,110150449PALE BANANA,,3,2,0,2024,6,21
P689,110150616DEW,,3,2,0,2024,6,21
P689,110150617SKY BLUE,,3,2,0,2024,6,21
P689,110146364LUPINE,,3,2,6,2024,6,21
P689,110146363ICEBERG GREEN,,3,2,6,2024,6,21
P689,110149067LUPINE,,3,2,6,2024,6,21
P689,110145961JET BLACK,,4,2,0,2024,6,21
P689,110148857ROSEBUD,,4,2,0,2024,6,21
P689,110149137MARSHMALLOW,,4,2,0,2024,6,21
P689,110148857ANTHRACITE,,4,2,0,2024,6,21
P689,110145873PAPYRUS,,3,2,0,2024,6,21
P689,110146024JET BLACK,,3,2,0,2024,6,21
P689,110146957STRAWBERRY ICE,,3,2,0,2024,6,21
P689,110145713MUSHROOM,,3,2,0,2024,6,21
P689,110145714DEW,,3,2,0,2024,6,21
P689,110145872GREEN EYES,,3,2,0,2024,6,21
P689,110145870DUTCH CANAL,,3,2,0,2024,6,21
P689,110145823LAUREL GREEN,,3,2,0,2024,6,21
P689,110145869JET BLACK,,3,2,0,2024,6,21
P689,110146958JESTER RED,,3,2,0,2024,6,21
P689,110150533PRISM PINK,,3,2,0,2024,6,21
P689,110150533JET BLACK,,3,2,0,2024,6,21
P689,110145871PINK LAVENDER,,3,2,0,2024,6,21
P689,110146200JET BLACK,,3,2,0,2024,6,21
P689,110146955JESTER RED,,3,2,0,2024,6,21
P689,110146211PAPYRUS,,3,2,0,2024,6,21
P689,110146290ZEPHYR,,3,2,0,2024,6,21
P689,110146463WHISPER WHITE,,3,2,0,2024,6,21
P689,110145869PINK LAVENDER,,3,2,0,2024,6,21
P689,110145873RUMBA RED,,3,2,0,2024,6,21
P689,110146293WHISPER WHITE,,3,2,0,2024,6,21
P689,110146956JESTER RED,,3,2,0,2024,6,21
P689,110147501AQUA SKY,,3,2,0,2024,6,21
P689,110147501PARFAIT PINK,,3,2,0,2024,6,21
P689,110149147BONNIE BLUE,,3,2,0,2024,6,21
P689,110149148PASTEL LAVENDER,,3,2,0,2024,6,21
P689,110150177BLUE HORIZON,,3,2,0,2024,6,21
P689,110150177SHALE,,3,2,0,2024,6,21
P689,110150179BONNIE BLUE,,3,2,0,2024,6,21
P689,110150447WINTER WHITE,,3,2,0,2024,6,21
P689,110150448BRIGHT WHITE,,3,2,0,2024,6,21
P689,110147501STAR SAPPHIRE,,3,2,0,2024,6,21
P689,110148004DARK PURPLE,,3,2,0,2024,6,21
P689,110150178SHALE,,3,2,0,2024,6,21
P689,110150481PINK LAVENDER,,3,2,0,2024,6,21
P689,110150534VEILED ROSE,,3,2,0,2024,6,21
P689,110151097ZEPHYR,,3,2,0,2024,6,21
P689,110145964BAROQUE ROSE,,3,2,0,2024,6,21
P689,110146442JET BLACK,,3,2,0,2024,6,21
P689,110146442RABBIT,,3,2,0,2024,6,21
P689,110147573LAVANDULA,,3,2,0,2024,6,21
P689,110147733LEGION BLUE,,3,2,0,2024,6,21
P689,110147746DARK PURPLE,,3,2,0,2024,6,21
P689,110148216AFTERGLOW,,3,2,0,2024,6,21
P689,110149261LIMOGES,,3,2,0,2024,6,21
P689,110150535BLUE HORIZON,,3,2,0,2024,6,21
P689,110151061JET BLACK,,3,2,0,2024,6,21
P689,110151141CANDY PINK,,3,2,0,2024,6,21
P689,110147572BRIGHT WHITE,,3,2,0,2024,6,21
P689,110147743MAUVE SHADOWS,,3,2,0,2024,6,21
P689,110147747JET BLACK,,3,2,0,2024,6,21
P689,110148045JET BLACK,,3,2,0,2024,6,21
P689,110148263STAR SAPPHIRE,,3,2,0,2024,6,21
P689,110150490VEILED ROSE,,3,2,0,2024,6,21
P689,110150534MISTLETOE,,3,2,0,2024,6,21
P689,110151062JET BLACK,,3,2,0,2024,6,21
P689,110146134ANTHRACITE,,3,2,0,2024,6,21
P689,110147744GRAY LILAC,,3,2,0,2024,6,21
P689,110149260OPEN AIR,,3,2,0,2024,6,21
P689,110149896STAR WHITE,,3,2,0,2024,6,21
P689,110150480DEW,,3,2,0,2024,6,21
P689,110150532PRISM PINK,,3,2,0,2024,6,21
P689,110150708BLUE HORIZON,,3,2,0,2024,6,21
P689,110151034BLUE HORIZON,,3,2,0,2024,6,21
P689,110146443JET BLACK,,3,2,0,2024,6,21
P689,110147573JET BLACK,,3,2,0,2024,6,21
P689,110147745GRAY LILAC,,3,2,0,2024,6,21
P689,110148215BLACK IRIS,,3,2,0,2024,6,21
P689,110149146BONNIE BLUE,,3,2,0,2024,6,21
P689,110149146PASTEL LAVENDER,,3,2,0,2024,6,21
P689,110149275JET BLACK,,3,2,0,2024,6,21
P689,110149925PIRATE BLACK,,3,2,0,2024,6,21
P689,110150532JET BLACK,,3,2,0,2024,6,21
P689,110150532ORCHID BLOOM,,3,2,0,2024,6,21
P689,110150536MISTLETOE,,3,2,0,2024,6,21
P689,110150536VEILED ROSE,,3,2,0,2024,6,21
P689,110150708SHALE,,3,2,0,2024,6,21
P689,110151141CEDAR WOOD,,3,2,0,2024,6,21
P689,110147572LIGHT CLEAR BLUE,,3,2,0,2024,6,21
P689,110148527JET BLACK,,3,2,0,2024,6,21
P689,110150038JET BLACK,,3,2,0,2024,6,21
P689,110150531MISTLETOE,,3,2,0,2024,6,21
P689,110151034CANDY PINK,,3,2,0,2024,6,21
P689,110151224JET BLACK,,3,2,0,2024,6,21
P689,110146025DARK PURPLE,,3,2,6,2024,6,21
P689,110146025RABBIT,,3,2,6,2024,6,21
P689,110146025PIRATE BLACK,,3,2,6,2024,6,21
P689,110149924ROEBUCK,,3,2,6,2024,6,21
P689,110146025JET BLACK,,3,2,6,2024,6,21
P689,110146026BROWN STONE,,3,2,6,2024,6,21
P689,110146026FOXGLOVE,,3,2,6,2024,6,21
P689,110149924JET BLACK,,3,2,6,2024,6,21
P689,110146025DEW,,3,2,6,2024,6,21
P689,110146025DAWN PINK,,3,2,6,2024,6,21
P689,110146026JET BLACK,,3,2,6,2024,6,21
P689,110148383JET BLACK,,3,2,6,2024,6,21
P689,110148383PURPLE DUSK,,3,2,6,2024,6,21
P689,110146025BROWN STONE,,3,2,6,2024,6,21
P689,110148855BLACK IRIS,,4,2,0,2024,6,21
P689,110150102PHANTOM,,4,2,0,2024,6,21
P689,110146360ICEBERG GREEN,,4,2,6,2024,6,21
P689,110146359FLAMINGO PLUME,,4,2,6,2024,6,21
P689,110146359MARITIME BLUE,,4,2,6,2024,6,21
P689,110146359ICEBERG GREEN,,4,2,6,2024,6,21
P689,110146358ICEBERG GREEN,,4,2,6,2024,6,21
P689,110150489JET BLACK,,4,2,6,2024,6,21
P689,110146359GLACIER GRAY,,4,2,6,2024,6,21
P689,110151026JET BLACK,,4,2,6,2024,6,21
P689,110146205JET BLACK,,4,2,6,2024,6,21
P689,110146359LUPINE,,4,2,6,2024,6,21
P689,110150489WARM TAUPE,,4,2,6,2024,6,21
P689,110150642NIGHT SKY,,4,2,6,2024,6,21
P689,110146489JET BLACK,,4,2,6,2024,6,21
P689,110146359GRAPE WINE,,4,2,6,2024,6,21
P689,110150489PUCE,,4,2,6,2024,6,21
P689,110147075ASPHALT,,4,2,6,2024,6,21
P689,110146358GRAPE WINE,,4,2,6,2024,6,21
P689,110150489IVY GREEN,,4,2,6,2024,6,21
P689,110146358LUPINE,,4,2,6,2024,6,21
P689,110145962JET BLACK,,4,2,0,2024,6,21
P689,110146363GRAPE WINE,,3,2,6,2024,6,21
P689,110146357JET BLACK,,3,2,6,2024,6,21
P689,110146357BAROQUE ROSE,,3,2,6,2024,6,21
P689,110146361STRAWBERRY ICE,,3,2,6,2024,6,21
P689,110146357BRIGHT WHITE,,3,2,6,2024,6,21
P689,110146361JET BLACK,,3,2,6,2024,6,21
P689,110146357DUTCH CANAL,,3,2,6,2024,6,21
P689,110146361VALERIAN,,3,2,6,2024,6,21
P689,110146357VALERIAN,,3,2,6,2024,6,21
P689,110146361ANTHRACITE,,3,2,6,2024,6,21
P689,110146357OIL GREEN,,3,2,6,2024,6,21
P689,110146358OIL GREEN,,4,2,6,2024,6,21
P689,110146356BRIGHT WHITE,,4,2,6,2024,6,21
P689,110146356ECRU,,4,2,7,2024,6,21
P689,110146359BRIGHT WHITE,,4,2,6,2024,6,21
P689,110146356JET BLACK,,4,2,6,2024,6,21
P689,110146356DUTCH CANAL,,4,2,6,2024,6,21
P689,110146360BLUE HORIZON,,4,2,7,2024,6,21
P689,110146360VALERIAN,,4,2,7,2024,6,21
P689,110146360ANTHRACITE,,4,2,7,2024,6,21
P689,110146358JET BLACK,,4,2,6,2024,6,21
P689,110146360STRAWBERRY ICE,,4,2,7,2024,6,21
P689,110146359BLUE HORIZON,,4,2,7,2024,6,21
P689,110146359JET BLACK,,4,2,6,2024,6,21
P689,110146356BAROQUE ROSE,,4,2,6,2024,6,21
P689,110146360JET BLACK,,4,2,6,2024,6,21
P689,110146356OIL GREEN,,4,2,7,2024,6,21
P689,110146359ANTHRACITE,,4,2,7,2024,6,21
P689,110146356VALERIAN,,4,2,6,2024,6,21
P689,110146360GLACIER GRAY,,4,2,7,2024,6,21
P689,110149926BRIGHT WHITE,,3,2,0,2024,6,21
P689,110148126CASHMERE BLUE,,4,2,6,2024,6,21
P689,110146489EBONY,,4,2,6,2024,6,21
P689,110148128ITALIAN PLUM,,4,2,6,2024,6,21
P689,110146489NIGHT SKY,,4,2,6,2024,6,21
P689,110150642JET BLACK,,4,2,6,2024,6,21
P689,110145986JET BLACK,,4,2,6,2024,6,21
P689,110145986BARELY PINK,,4,2,6,2024,6,21
P689,110146228JET BLACK,,4,2,6,2024,6,21
P689,110146208BLUE GLOW,,4,2,6,2024,6,21
P689,880015132BISTRO GREEN,,3,2,0,2024,6,21
P689,110149119OLD ROSE,,3,2,0,2024,6,21
P689,110149120INDIGO,,3,2,0,2024,6,21
P689,110151039MEDIUM STONE,,3,2,0,2024,6,21
P689,110148345ASPHALT,,3,2,0,2024,6,21
P689,110149101DARK STONE,,3,2,0,2024,6,21
P689,110146623OLD ROSE,,3,2,0,2024,6,21
P689,110146623FOXGLOVE,,3,2,0,2024,6,21
P689,110149122SAGE GRAY,,3,2,0,2024,6,21
P689,110149103OLD ROSE,,3,2,0,2024,6,21
P689,110150182BRIGHT BLUE,,4,2,0,2024,6,21
P689,110151225MEDIUM STONE,,3,2,0,2024,6,21
P689,110149102TINT INDIGO,,3,2,0,2024,6,21
P689,110150184MEDIUM STONE,,3,2,0,2024,6,21
P689,110149103SAGE GRAY,,3,2,0,2024,6,21
P689,110149106OLD ROSE,,3,2,0,2024,6,21
P689,110150183MEDIUM STONE,,3,2,0,2024,6,21
P689,110150181BRIGHT WHITE,,4,2,0,2024,6,21
P689,110151226MEDIUM STONE,,3,2,0,2024,6,21
P689,110151040DARK STONE,,3,2,0,2024,6,21
P689,110149123STAR WHITE,,3,2,0,2024,6,21
P689,110150185DUTCH CANAL,,3,2,0,2024,6,21
P689,110149104ANTIQUE WHITE,,3,2,0,2024,6,21
P689,110150199JET BLACK,,3,2,0,2024,6,21
P689,110149105SAGE GRAY,,3,2,0,2024,6,21
P689,110149121ANTIQUE WHITE,,3,2,0,2024,6,21
P689,110150200FOXGLOVE,,3,2,0,2024,6,21
P689,110148127CEMENT,,4,2,6,2024,6,21
P689,110148127MAUVE ORCHID,,4,2,6,2024,6,21
